round,slice,frame,object_ref,cell,what,why,severity,owner,rule_id,evidence,action,rules_version,note
calib,C0,adasind_019560.jpg,L7,na,SPURIOUS,,,,,,,,
calib,C0,adasind_019560.jpg,L8,na,SPURIOUS,,,,,,,,
r1_craft,B2-dense,adasind_062370.jpg,L4+R3,na,BOX_GEOMETRY,,,,,,,,
r1_craft,B2-dense,adasind_062370.jpg,R7,na,MISSING,,,,,,,,
r1_craft,B2-dense,adasind_062370.jpg,R8,na,MISSING,,,,,,,,
r1_craft,B2-dense,adasind_117120.jpg,L4,na,SPURIOUS,,,,,,,,
r1_craft,B2-dense,adasind_117120.jpg,L6,na,SPURIOUS,,,,,,,,
r3_diag,B2-dense,adasind_062370.jpg,L3+R5,LR_noM,MISSING,E4_model_domain,P1,ai_team,R01,screenshot.jpg,escalate,v1.1.0,none
r3_diag,B2-dense,adasind_062370.jpg,L6+R1,LR_noM,MISSING,E4_model_domain,P1,ai_team,R01,screenshot.jpg,escalate,v1.1.0,none
r3_diag,B2-dense,adasind_062370.jpg,L7+R6,LR_noM,MISSING,E4_model_domain,P1,ai_team,R01,screenshot.jpg,escalate,v1.1.0,none
r3_diag,B2-dense,adasind_062370.jpg,L4+M9,LM_noR,SPURIOUS,E4_model_domain,P1,ai_team,R01,screenshot.jpg,escalate,v1.1.0,none
r3_diag,B2-dense,adasind_062370.jpg,R3,R_only,MISSING,E1_annotator_error,P1,annotator,R01,screenshot.jpg,rework,v1.1.0,none
r3_diag,B2-dense,adasind_062370.jpg,R7,R_only,MISSING,E1_annotator_error,P1,annotator,R01,screenshot.jpg,rework,v1.1.0,none
r3_diag,B2-dense,adasind_062370.jpg,R8,R_only,MISSING,E1_annotator_error,P1,annotator,R01,screenshot.jpg,rework,v1.1.0,none
r3_diag,B2-dense,adasind_062370.jpg,M3,M_only,SPURIOUS,E4_model_domain,P1,ai_team,R01,screenshot.jpg,escalate,v1.1.0,none
r3_diag,B2-dense,adasind_062370.jpg,M4,M_only,SPURIOUS,E4_model_domain,P1,ai_team,R01,screenshot.jpg,escalate,v1.1.0,none
r3_diag,B2-dense,adasind_062370.jpg,M5,M_only,SPURIOUS,E4_model_domain,P1,ai_team,R01,screenshot.jpg,escalate,v1.1.0,none
r3_diag,B2-dense,adasind_062370.jpg,M8,M_only,SPURIOUS,E4_model_domain,P1,ai_team,R01,screenshot.jpg,escalate,v1.1.0,none
r3_diag,B2-dense,adasind_062370.jpg,M10,M_only,SPURIOUS,E4_model_domain,P1,ai_team,R01,screenshot.jpg,escalate,v1.1.0,none
r3_diag,B2-dense,adasind_069450.jpg,L4+R1,LR_noM,MISSING,E4_model_domain,P1,ai_team,R01,screenshot.jpg,escalate,v1.1.0,none
r3_diag,B2-dense,adasind_069450.jpg,L5+R2,LR_noM,MISSING,E4_model_domain,P1,ai_team,R01,screenshot.jpg,escalate,v1.1.0,none
r3_diag,B2-dense,adasind_069450.jpg,M5,M_only,SPURIOUS,E4_model_domain,P1,ai_team,R01,screenshot.jpg,escalate,v1.1.0,none
r3_diag,B2-dense,adasind_069450.jpg,M7,M_only,SPURIOUS,E4_model_domain,P1,ai_team,R01,screenshot.jpg,escalate,v1.1.0,none
r3_diag,B2-dense,adasind_117120.jpg,L2+R2,LR_noM,MISSING,E4_model_domain,P1,ai_team,R01,screenshot.jpg,escalate,v1.1.0,none
r3_diag,B2-dense,adasind_117120.jpg,L5+R4,LR_noM,MISSING,E4_model_domain,P1,ai_team,R01,screenshot.jpg,escalate,v1.1.0,none
r3_diag,B2-dense,adasind_117120.jpg,L4+M8,LM_noR,SPURIOUS,E4_model_domain,P1,ai_team,R01,screenshot.jpg,escalate,v1.1.0,none
r3_diag,B2-dense,adasind_117120.jpg,L6,L_only,SPURIOUS,E1_annotator_error,P1,annotator,R01,screenshot.jpg,rework,v1.1.0,none
r3_diag,B2-dense,adasind_117120.jpg,M1,M_only,SPURIOUS,E4_model_domain,P1,ai_team,R01,screenshot.jpg,escalate,v1.1.0,none
r3_diag,B2-dense,adasind_117120.jpg,M6,M_only,SPURIOUS,E4_model_domain,P1,ai_team,R01,screenshot.jpg,escalate,v1.1.0,none
r3_diag,B2-dense,adasind_117120.jpg,M7,M_only,SPURIOUS,E4_model_domain,P1,ai_team,R01,screenshot.jpg,escalate,v1.1.0,none
r3_diag,B2-dense,adasind_117120.jpg,M10,M_only,SPURIOUS,E4_model_domain,P1,ai_team,R01,screenshot.jpg,escalate,v1.1.0,none
r2_qa,B2-dense,adasind_062370.jpg,L4,L_only,BOX_GEOMETRY,,P1,annotator,R02,screenshot,rework,v1.0.0,
r2_qa,B2-dense,adasind_062370.jpg,L7,L_only,MISSING,,P1,annotator,R01,screenshot,rework,v1.0.0,
r2_qa,B2-dense,adasind_117120.jpg,L6,L_only,SPURIOUS,,P1,annotator,R01,screenshot,rework,v1.0.0,
